{
  "bestLoss": 0.0000024672956126164416,
  "model": {
    "type": "RNNModel",
    "architecture": {
      "inputSize": 1,
      "hiddenSize": 20,
      "outputSize": 1
    },
    "rnnLayer": {
      "inputWeights": [
        [
          -0.0006628961989565762
        ],
        [
          0.32026521712411793
        ],
        [
          -0.0015881245573558837
        ],
        [
          -0.0017263354287138173
        ],
        [
          0.0020262063116338893
        ],
        [
          0.3568335731986985
        ],
        [
          0.025541980015283707
        ],
        [
          0.33246484234003676
        ],
        [
          0.00039171786056620784
        ],
        [
          -0.19518901353333867
        ],
        [
          0.2628329541871993
        ],
        [
          0.3562328608753078
        ],
        [
          -0.0032847919614222595
        ],
        [
          0.0009705046633958916
        ],
        [
          0.0026605748887409447
        ],
        [
          0.13491041568704412
        ],
        [
          0.33984434755862614
        ],
        [
          -0.0011904003654515463
        ],
        [
          0.2443383807287873
        ],
        [
          -0.0008977689308196053
        ]
      ],
      "recurrentWeights": [
        [
          -1.2054353393079174,
          0.058463569062684254,
          0.05467291683389835,
          0.022694914029040763,
          0.06594713490772032,
          0.02559649493476779,
          -0.02101858736335996,
          -0.03732291297020692,
          -0.01962090252320109,
          0.013356804006239982,
          -0.11066857836138601,
          0.08545794987980183,
          -0.021502919247732614,
          -0.0037088504131745402,
          0.046775522391391225,
          0.12727530433937181,
          -0.033378963109153025,
          0.05580234620313857,
          -0.07667515963130045,
          0.013314086969086715
        ],
        [
          0.005647281768244146,
          0.6346917895009097,
          0.04134843287139584,
          0.040647165320029766,
          -0.008793832860324879,
          -0.09899250930128889,
          0.07106744548711633,
          0.020542859344760623,
          0.04477035161741349,
          0.05430608492298229,
          0.13632409908160578,
          -0.002407425326238033,
          0.02278753136011398,
          0.00998763457729552,
          -0.006772458858855336,
          -0.11989705903147758,
          -0.09300122716847392,
          0.04828661425350197,
          -0.20455573777255362,
          0.024445069137360213
        ],
        [
          -0.055445610829743114,
          0.08427957125527116,
          -1.2323874560637667,
          -0.016557633394214975,
          -0.16060887020117243,
          0.04334361942262521,
          -0.04875056310626622,
          -0.030374670432574084,
          -0.04847239239314975,
          -0.07011652690991994,
          -0.10132477243970497,
          0.10059067034035735,
          -0.001355265278588986,
          -0.05173402982343979,
          0.0017532180730763884,
          -0.043537034778664815,
          -0.012469531017786264,
          -0.021281584650896468,
          -0.16618573505706172,
          0.027905440282401987
        ],
        [
          -0.011046936109862578,
          0.09659866847347576,
          -0.024166791351686628,
          -1.230333141417274,
          -0.1615781211534013,
          0.01205715000797176,
          -0.04212638126478625,
          -0.10837454568209545,
          -0.01283645709630777,
          -0.07671221350173373,
          -0.10329061027544356,
          0.16661741375756053,
          -0.03774169957072381,
          -0.019029577759365996,
          0.03948419281309302,
          -0.043086246047206296,
          -0.012297235319275306,
          -0.005554548756870161,
          -0.13603728787828864,
          -0.01141338040484599
        ],
        [
          -0.22870999941265902,
          0.011127033081426017,
          0.326485647196019,
          0.20371693953325953,
          -0.25413805824814767,
          -0.05793836592214851,
          0.1475225316824402,
          0.09289462764961552,
          -0.2426258349476697,
          0.051999429420429316,
          -0.2039938554005647,
          0.006409411597901656,
          0.26485806661036754,
          -0.18791738318974777,
          -0.29343104230989797,
          0.1660029582965146,
          0.03767492205062825,
          0.16199378951987337,
          -0.0006520520058968771,
          0.45488477977328134
        ],
        [
          -0.0630256529608964,
          -0.11886571131207611,
          0.007286862278288459,
          -0.046615867276989055,
          0.042173858429722585,
          0.1228517862589086,
          -0.14280166811793524,
          -0.08449973530182195,
          -0.02898502313244501,
          -0.14439500713997985,
          -0.2508636207819315,
          0.10244626642941088,
          -0.029201474243258002,
          0.01496857997784774,
          -0.022950624230277095,
          -0.08847121051537293,
          0.07740117981227129,
          -0.04595862501498043,
          -0.01944676299927247,
          0.0420974492678791
        ],
        [
          0.009936445169614267,
          0.18937463285544637,
          0.07137986854935291,
          0.06739262111739316,
          0.0015758188902546017,
          0.10403181022040817,
          -0.34284527903375933,
          -0.37591233873721563,
          -0.022447878215474216,
          0.07786389673983875,
          -0.25080368110608875,
          0.149865286916398,
          0.03963034503927933,
          0.024271072365354942,
          -0.03877596903410871,
          -0.12219778973430045,
          -0.05766152340970532,
          0.046719595434046364,
          -0.007810569428978647,
          0.03322660351409877
        ],
        [
          0.06541568000649109,
          0.037254917859451404,
          0.017061050489450797,
          0.006989266886526947,
          0.01841996547774681,
          0.0350168274754058,
          0.12708208436893598,
          -0.06997364133238022,
          -0.03676484859194681,
          -0.03087912425047004,
          -0.04018028775964322,
          0.023540582920903965,
          0.011295200901669264,
          0.04111629624690938,
          -0.028740201180253045,
          -0.04375791859434325,
          -0.015138509213665038,
          -0.024127479592748555,
          -0.1263564066006162,
          0.015676171189960328
        ],
        [
          -0.0296977172207613,
          0.11141647477460455,
          0.04090486511968516,
          0.011016280596539087,
          0.07911151599271059,
          0.09212045764780769,
          0.011532010088677528,
          -0.09864105992329016,
          -1.19732391112416,
          -0.1051067504705158,
          -0.15473751687728327,
          0.07728940005404601,
          -0.04868091853862012,
          -0.010009711432576058,
          -0.03105844167714687,
          -0.07367138165749482,
          -0.025816760151483827,
          -0.0438531137179329,
          -0.0976291443032026,
          0.012882339391623338
        ],
        [
          -0.10982348973140799,
          0.26478594645726167,
          -0.14507480013288968,
          -0.17999979941323832,
          0.055273311784298874,
          0.2522045823947923,
          -1.0359387332246672,
          -0.044656531923775195,
          -0.10979506018075934,
          -0.33486324810801643,
          0.027502527464839437,
          0.1540865800404922,
          -0.12608459330921326,
          -0.06604267584220924,
          0.04005728835300055,
          -0.20171297006466535,
          0.05032413971268277,
          -0.1947674770720442,
          0.053871115502612615,
          -0.06588942491817584
        ],
        [
          -0.006526420357207342,
          0.24628776954507975,
          -0.08438529882653412,
          -0.07502883540047564,
