{
  "bestLoss": 0.00008677839610364159,
  "model": {
    "type": "RNNModel",
    "architecture": {
      "inputSize": 1,
      "hiddenSize": 20,
      "outputSize": 1
    },
    "rnnLayer": {
      "inputWeights": [
        [
          -1.0738021448090418
        ],
        [
          0.00642339827812907
        ],
        [
          -2.2024092305756655
        ],
        [
          0.28776403157200564
        ],
        [
          1.194514686366503
        ],
        [
          2.0739504004508587
        ],
        [
          -0.21975569444934173
        ],
        [
          1.1316935782557478
        ],
        [
          -0.5765382421845667
        ],
        [
          -0.8644322587435497
        ],
        [
          2.1583731662455463
        ],
        [
          -0.8081441888681784
        ],
        [
          2.7599679306299083
        ],
        [
          1.3874026506707033
        ],
        [
          1.5803356991122954
        ],
        [
          -1.5093032564240818
        ],
        [
          -1.4209926960170007
        ],
        [
          -1.3043036728391226
        ],
        [
          -0.1120276237525162
        ],
        [
          1.7095782495320375
        ]
      ],
      "recurrentWeights": [
        [
          0.5988792885397393,
          0.7149108352487644,
          -0.32958650532424877,
          0.7098161337985563,
          0.058731344946904504,
          -0.22833070224272858,
          0.5388918552618235,
          -0.05505846334911321,
          0.08005637053455966,
          -0.38839015107019975,
          0.1289247310673558,
          0.03954878894222457,
          1.3183128907189283,
          0.2215926379006679,
          -0.3604945688081525,
          -0.6671038031530583,
          0.26368385225944124,
          -0.35407417367186667,
          -0.20164876006141882,
          0.20787944030333375
        ],
        [
          -0.21439110706442488,
          1.3645830888170012,
          0.7210239256202864,
          0.48020235450778886,
          -0.7307856609213472,
          -1.452762159720134,
          1.5751111146414365,
          -0.8580794255108845,
          -0.4262895555541215,
          -0.11068762257371623,
          -0.6241971765394795,
          -0.5846445277383394,
          -0.34524001493105005,
          -0.7068291660610042,
          0.30281459034686053,
          0.8060358972444164,
          -0.07193184919473376,
          -0.20226591660380033,
          0.4121703335501438,
          0.6761036921753931
        ],
        [
          0.7879864612124456,
          -0.4776692141671465,
          -0.036963585674486245,
          1.1336594682717736,
          0.19364206671518336,
          0.5543702312221267,
          -0.39313405139272634,
          0.08512099933669798,
          0.2608490893135634,
          0.7829688990506322,
          0.23532877838340674,
          -0.014816353756665235,
          1.0972852326073816,
          0.19315508513510135,
          -0.23030023405555558,
          1.6151014329369289,
          0.7353338893113558,
          0.0174607438861747,
          0.3482566363730365,
          -0.005249715684346633
        ],
        [
          -0.3350484071203684,
          0.440709414926713,
          -0.47458280849286494,
          0.988549433986263,
          -0.5683942831994175,
          0.18351315657367392,
          0.4941211583844938,
          -0.6484478626675603,
          -0.9895022069796608,
          -0.045563424062284204,
          -0.4843745453546241,
          -1.186197817223234,
          0.146839477279104,
          -0.46708003715032886,
          -0.6932302362699209,
          -0.5044076540147917,
          -0.4444698784551938,
          -0.3977359729837832,
          -1.2779025807428805,
          1.0392508567888223
        ],
        [
          0.22652484840555054,
          -0.9795725120566303,
          -0.6971008369768003,
          -0.5366472991547826,
          1.4141880122831116,
          0.6174105013672981,
          -0.9469996994197605,
          1.3204358721608116,
          0.9171423089034795,
          0.789251982945457,
          1.4295260322587509,
          1.0763799077784697,
          0.47679082074496354,
          1.4838660468000346,
          0.8353115264255544,
          -0.6815712838301893,
          0.07478282611057181,
          0.7681977839369802,
          -0.07160342655302557,
          -0.20498838445481227
        ],
        [
          0.03556314701774492,
          0.28485834188837034,
          -0.973563668272103,
          -0.7110182067563836,
          0.22928300368226115,
          -0.10160241155364957,
          0.25494346479621827,
          0.14101583587168648,
          -0.49522476686880584,
          -0.0837428322868978,
          0.34782206945083316,
          -0.33062054254438245,
          -0.44502111682198037,
          0.30284861086342474,
          0.4221723455635306,
          -1.637304488840696,
          -0.9416341446682879,
          -0.2516128435657677,
          -1.2619286637923002,
          0.9102701938027257
        ],
        [
          -0.11862582975138065,
          1.1136654864875042,
          0.7779594144108725,
          0.6597279990206828,
          -1.0464063200853024,
          -1.3539758934609178,
          1.5922672508366829,
          -1.1181032367003145,
          -0.6707109008572865,
          -0.32210213434224283,
          -1.02790435859628,
          -0.8373448024723844,
          -0.2253876844511018,
          -1.036146891331305,
          0.09104061191300845,
          0.6744182988667272,
          -0.2035613374654545,
          -0.37023678534339266,
          0.25354965453541356,
          0.8512407867233295
        ],
        [
          0.2571240871916496,
          -1.0160000163766207,
          -0.7111514134447534,
          -0.5376605598215867,
          1.4131909542007743,
          0.6570052928898291,
          -1.021715968949171,
          1.3173874644541663,
          0.9429798377100298,
          0.7361002334378249,
          1.3494169685684219,
          1.0791598068757442,
          0.45245134051502695,
          1.4686508483252583,
          0.7065504159892658,
          -0.7276847180838554,
          0.06376933946932961,
          0.6883299948876032,
          -0.08057502392302245,
          -0.2516234309314353
        ],
        [
          0.8811409133159716,
          -0.0767954645129452,
          0.506620925091423,
          0.08575758462160923,
          0.7837311294642925,
          0.5562463299990678,
          -0.16357937442897894,
          0.7125343783354551,
          0.7234950828792732,
          0.093070177014343,
          0.8886304055682953,
          0.4807042346444146,
          0.5674863582595006,
          0.9519588933137716,
          -0.306268411290529,
          -0.21907952144851928,
          0.9940401540275781,
          0.469722719792149,
          0.2406501190840205,
          -0.6372122642945409
        ],
        [
          0.36936722122298526,
          -1.8916159962349546,
          -0.46258828629625415,
          -0.0904071900372999,
          0.5651454838885618,
          1.2343091313730534,
          -1.2766075556107153,
          0.5347216381006874,
          0.30420046648588944,
          0.8824285267362604,
          0.5496559152593343,
          0.3153718809872662,
          0.3841390722427519,
          0.49541522430408613,
          0.34045247301995357,
          -0.627540877382094,
          -0.2051856712672464,
          0.07720228305177304,
          -0.9029127731478674,
          -0.38768070972957624
        ],
        [
          0.4986249697637396,
          -0.5773502927115092,
          -1.208756802789599,
          -0.2223503634876438,
          1.1550687425552908,
          0.6994845154998797,
          -0.6010077000511511,
          1.0444644738314819,
          0.6173925752717612,
          0.5408203090468648,
          1.0028843945615487,
          0.859362552583254,
